,Kansas ,FG,FGA,2P,2PA,3P,3PA,FT,FTA,ORB,DRB,AST,STL,BLK,TOV,PF,PTS,FT/FGA,AST/TOV
0,Angel Goodrich,9,18,9,17,0,1,2,2,1,4,5,2,1,6,3,20,0.1111111111111111,0.8333333333333334
1,Natalie Knight,2,7,1,3,1,4,0,0,0,3,1,1,0,1,1,5,0.0,1.0
2,Chelsea Gardner,6,8,6,8,0,0,3,7,8,8,0,0,0,2,4,15,0.375,0.0
3,Aishah Sutherland,4,11,4,11,0,0,0,0,3,2,0,1,2,0,3,8,0.0,0.0
4,Charlicia Cece Harper,1,7,1,4,0,3,0,0,0,0,0,1,0,1,3,2,0.0,0.0
9,School Totals,25,66,23,53,2,13,5,10,15,24,7,6,3,13,14,57,0.07575757575757576,0.5384615384615384
