,DePaul ,FG,FGA,2P,2PA,3P,3PA,FT,FTA,ORB,DRB,AST,STL,BLK,TOV,PF,PTS,FT/FGA,AST/TOV
0,Chanise Jenkins,3,5,2,3,1,2,0,0,0,3,5,0,0,0,0,7,0.0,0.0
1,Jessica January,7,11,4,8,3,3,1,2,0,4,5,2,0,3,2,18,0.09090909090909091,1.6666666666666667
2,Megan Podkowa,4,6,4,5,0,1,2,2,0,8,5,1,1,2,1,10,0.3333333333333333,2.5
3,Brooke Schulte,4,10,3,7,1,3,1,1,3,1,1,0,0,0,2,10,0.1,0.0
4,Jacqui Grant,7,12,6,9,1,3,0,2,4,5,1,1,1,1,3,15,0.0,1.0
12,School Totals,37,69,26,48,11,21,12,20,15,39,24,5,2,12,19,97,0.17391304347826086,2.0
