,DePaul ,FG,FGA,2P,2PA,3P,3PA,FT,FTA,ORB,DRB,AST,STL,BLK,TOV,PF,PTS,FT/FGA,AST/TOV
0,Jessica January,10,17,9,15,1,2,4,7,0,8,5,0,0,4,2,25,0.23529411764705882,1.25
1,Chanise Jenkins,3,10,2,5,1,5,5,6,1,2,2,0,0,2,0,12,0.5,1.0
2,Brooke Schulte,2,5,1,2,1,3,0,0,0,2,0,0,0,1,3,5,0.0,0.0
3,Jacqui Grant,1,3,0,2,1,1,0,0,0,2,0,0,0,0,5,3,0.0,0.0
4,Megan Podkowa,1,4,0,3,1,1,3,4,1,1,2,1,1,2,4,6,0.75,1.0
9,School Totals,25,53,17,35,8,18,15,23,7,21,14,2,2,9,18,73,0.2830188679245283,1.5555555555555556
