,Bowling Green State ,FG,FGA,2P,2PA,3P,3PA,FT,FTA,ORB,DRB,AST,STL,BLK,TOV,PF,PTS,FT/FGA,AST/TOV
0,Tamika Nurse,0,3,0,2,0,1,2,4,0,8,7,2,0,2,1,2,0.6666666666666666,3.5
1,Lauren Prochaska,5,13,2,6,3,7,6,6,1,5,0,1,0,3,3,19,0.46153846153846156,0.0
2,Tracy Pontius,5,12,0,4,5,8,0,0,0,1,0,0,0,3,0,15,0.0,0.0
3,Jen Uhl,2,5,1,3,1,2,2,6,4,2,1,0,1,2,2,7,0.4,0.5
4,Tara Breske,3,6,3,6,0,0,1,2,1,2,0,0,0,3,3,7,0.16666666666666666,0.0
14,School Totals,19,51,8,29,11,22,13,22,10,24,12,5,1,16,15,62,0.2549019607843137,0.75
