,Lehigh ,FG,FGA,2P,2PA,3P,3PA,FT,FTA,ORB,DRB,AST,STL,BLK,TOV,PF,PTS,FT/FGA,AST/TOV
0,Erica Prosser,1,11,0,3,1,8,4,4,0,2,2,1,2,3,3,7,0.36363636363636365,0.6666666666666666
1,Emily Gratch,4,10,4,8,0,2,4,5,3,3,2,3,1,2,2,12,0.4,1.0
2,Tricia Smith,2,8,0,4,2,4,0,0,2,5,0,3,1,2,2,6,0.0,0.0
3,Alex Ross,1,4,1,2,0,2,0,0,0,0,1,0,0,2,0,2,0.0,0.5
4,Alexa Williams,1,3,1,3,0,0,0,0,0,0,0,1,1,2,3,2,0.0,0.0
13,School Totals,11,50,6,27,5,23,15,17,6,17,6,8,6,17,18,42,0.3,0.35294117647058826
