,Eastern Michigan ,FG,FGA,2P,2PA,3P,3PA,FT,FTA,ORB,DRB,AST,STL,BLK,TOV,PF,PTS,FT/FGA,AST/TOV
0,Paige Redditt,5,14,5,14,0,0,4,6,3,2,1,0,2,3,1,14,0.2857142857142857,0.3333333333333333
1,Desyree Thomas,0,1,0,1,0,0,1,2,2,0,3,3,0,5,2,1,1.0,0.6
2,Natachia Watkins,4,16,4,16,0,0,2,2,3,9,1,2,0,2,2,10,0.125,0.5
3,Tavelyn James,2,17,2,14,0,3,7,8,0,2,4,0,0,5,2,11,0.4117647058823529,0.8
4,Olivia Fouty,3,6,3,6,0,0,0,0,1,4,1,1,1,2,1,6,0.0,0.5
9,School Totals,16,60,16,57,0,3,16,22,12,19,10,6,3,17,12,48,0.26666666666666666,0.5882352941176471
